use Auditoria;

INSERT INTO `tbl_aplicaciones` (`Pk_id_aplicacion`, `nombre_aplicacion`, `descripcion_aplicacion`, `estado_aplicacion`) VALUES
(1000, 'MDI SEGURIDAD', 'PARA SEGURIDAD', 1),
(1001, 'Mant. Usuario', 'PARA SEGURIDAD', 1),
(1002, 'Mant. Aplicación', 'PARA SEGURIDAD', 1),
(1003, 'Mant. Modulo', 'PARA SEGURIDAD', 1),
(1004, 'Mant. Perfil', 'PARA SEGURIDAD', 1),
(1101, 'Asign. Modulo Aplicacion', 'PARA SEGURIDAD', 1),
(1102, 'Asign. Aplicacion Perfil', 'PARA SEGURIDAD', 1),
(1103, 'Asign. Perfil Usuario', 'PARA SEGURIDAD', 1),
(1201, 'Pcs. Cambio Contraseña', 'PARA SEGURIDAD', 1),
(1301, 'Pcs. BITACORA', 'PARA SEGURIDAD', 1),
(2000, 'MDI LOGISTICA', 'PARA LOGISTICA', 1),
(3000, 'MDI COMPRAS Y VENTAS', 'PARA COMPRAS Y VENTAS', 1),
(5000, 'MDI PRODUCCIÓN', 'PARA PRODUCCIÓN', 1),
(6000, 'MDI NOMINAS', 'PARA NOMINAS', 1),
(6001, 'Mant. Trabajadores', 'PARA NOMINAS', 1),
(6002, 'Mant. Puestos de Trabajo', 'PARA NOMINAS', 1),
(6003, 'Mant. Departamentos', 'PARA NOMINAS', 1),
(6004, 'Mant. Contratos', 'PARA NOMINAS', 1),
(6005, 'Mant. Percepciones', 'PARA NOMINAS', 1),
(6006, 'Mant. Horas Extras', 'PARA NOMINAS', 1),
(6007, 'Mant. Faltas', 'PARA NOMINAS', 1),
(6101, 'Asgn. Puesto - Depto.', 'PARA NOMINAS', 1),
(6102, 'Asgn. Puesto - Trabajador', 'PARA NOMINAS', 1),
(6103, 'Asgn. Contrato Trabajador', 'PARA NOMINAS', 1),
(6104, 'Asgn. Prestaciones Contrato', 'PARA NOMINAS', 1),
(6105, 'Asgn. Prestaciones Individual', 'PARA NOMINAS', 1),
(6106, 'Prcs. Nomina', 'PARA NOMINAS', 1),
(6201, 'Rpt. Planillas', 'PARA NOMINAS', 1),
(6202, 'Rpt. Contratos', 'PARA NOMINAS', 1),
(6203, 'Rpt. Trabajadores', 'PARA NOMINAS', 1),
(6301, 'ACCESO SEGURIDAD', 'PARA NOMINAS', 1),
(7000, 'MDI BANCOS', 'PARA BANCOS', 1),
(8000, 'MDI CONTRABILIDAD', 'PARA CONTRABILIDAD', 1),
(9000, 'MDI CUENTAS CORRIENTES', 'PARA CUENTAS CORRIENTES', 1);

--
-- Volcado de datos para la tabla `tbl_consultainteligente`
--

INSERT INTO `tbl_consultainteligente` (`Pk_consultaID`, `nombre_consulta`, `tipo_consulta`, `consulta_SQLE`, `consulta_estatus`) VALUES
(1, '', 0, 'SELECT id_venta FROM venta;', 1),
(2, '', 0, 'SELECT SELECT id_venta FROM venta;id_venta AS * FROM venta;', 1),
(3, '', 0, 'SELECT * FROM venta;', 1),
(4, '', 0, 'SELECT * FROM venta;', 1),
(5, '', 0, 'SELECT * FROM venta;', 1),
(6, '', 0, 'SELECT * FROM venta;', 1),
(7, 'dsf', 0, 'SELECT * FROM venta;', 1),
(8, '', 0, 'SELECT * FROM venta;', 1),
(9, '', 0, 'SELECT * FROM venta;', 1),
(10, 'viccccccccc', 0, 'SELECT * FROM venta;', 1),
(11, 'consultaaaaa', 0, 'SELECT * FROM factura;', 1),
(12, '', 0, 'SELECT * FROM factura;', 1),
(13, 'jkjkkjk', 0, 'SELECT * FROM factura;', 1);

--
-- Volcado de datos para la tabla `tbl_modulos`
--

INSERT INTO `tbl_modulos` (`Pk_id_modulos`, `nombre_modulo`, `descripcion_modulo`, `estado_modulo`) VALUES
(1000, 'SEGURIDAD', 'Seguridad', 1),
(2000, 'LOGISTICA', 'Logistica', 1),
(3000, 'COMPRAS Y VENTAS', 'Compras y Ventas', 1),
(5000, 'PRODUCCIÓN', 'Produccion', 1),
(6000, 'NOMINAS', 'Nominas', 1),
(7000, 'BANCOS', 'Bancos', 1),
(8000, 'CONTABILIDAD', 'Contabilidad', 1),
(9000, 'CUENTAS CORRIENTES', 'Cuentas Corrientes', 1);
--
-- Volcado de datos para la tabla `tbl_perfiles`
--

INSERT INTO `tbl_perfiles` (`Pk_id_perfil`, `nombre_perfil`, `descripcion_perfil`, `estado_perfil`) VALUES
(1, 'ADMINISTRADOR', 'contiene todos los permisos del programa', 1),
(2, 'SEGURIDAD', 'contiene todos los permisos de seguridad', 1),
(3, 'LOGISTICA', 'contiene todos los permisos de logistica', 1),
(4, 'COMPRAS Y VENTAS', 'contiene todos los permisos de compras y ventas', 1),
(5, 'PRODUCCIÓN', 'contiene todos los permisos de producción', 1),
(6, 'NOMINAS', 'contiene todos los permisos de nominas', 1),
(7, 'BANCOS', 'contiene todos los permisos de bancos', 1),
(8, 'CONTABILIDAD', 'contiene todos los permisos de contabilidad', 1),
(9, 'AUDITOR', 'Permite la revisión y auditoría de actividades sin capacidad de modificar datos', 1),
(10, 'SOporte Técnico', 'Permite brindar asistencia técnica sin acceso completo a la administración', 1),
(11, 'ADMINISTRADOR', 'Acceso completo al sistema con ciertas restricciones según sea necesario', 1),
(12, 'GESTOR DE PROYECTOS', 'Permite gestionar proyectos y coordinar actividades sin acceso completo a la administración', 1),
(13, 'GESTOR DE DATOS', 'Permite gestionar y supervisar datos en distintos módulos sin acceso completo a la administración', 1),
(14, 'CUENTAS CORRIENTES', 'contiene todos los permisos de cuentas corrientes', 1);


--
-- Volcado de datos para la tabla `tbl_permisos_aplicacion_perfil`
--

INSERT INTO `tbl_permisos_aplicacion_perfil` (`PK_id_Aplicacion_Perfil`, `Fk_id_perfil`, `Fk_id_aplicacion`, `guardar_permiso`, `modificar_permiso`, `eliminar_permiso`, `buscar_permiso`, `imprimir_permiso`) VALUES
(1, 1, 1000, 1, 1, 1, 1, 1),
(2, 1, 1001, 1, 1, 1, 1, 1),
(3, 1, 1002, 1, 1, 1, 1, 1),
(4, 1, 1003, 1, 1, 1, 1, 1),
(5, 1, 1004, 1, 1, 1, 1, 1),
(6, 1, 1101, 1, 1, 1, 1, 1),
(7, 1, 1102, 1, 1, 1, 1, 1),
(8, 1, 1103, 1, 1, 1, 1, 1),
(9, 1, 1201, 1, 1, 1, 1, 1),
(10, 1, 1301, 1, 1, 1, 1, 1),
(11, 1, 2000, 1, 1, 1, 1, 1),
(12, 1, 3000, 1, 1, 1, 1, 1),
(13, 1, 5000, 1, 1, 1, 1, 1),
(14, 1, 6000, 1, 1, 1, 1, 1),
(15, 1, 6001, 1, 1, 1, 1, 1),
(16, 1, 6002, 1, 1, 1, 1, 1),
(17, 1, 6003, 1, 1, 1, 1, 1),
(18, 1, 6004, 1, 1, 1, 1, 1),
(19, 1, 6005, 1, 1, 1, 1, 1),
(20, 1, 6006, 1, 1, 1, 1, 1),
(21, 1, 6007, 1, 1, 1, 1, 1),
(22, 1, 6101, 1, 1, 1, 1, 1),
(23, 1, 6102, 1, 1, 1, 1, 1),
(24, 1, 6103, 1, 1, 1, 1, 1),
(25, 1, 6104, 1, 1, 1, 1, 1),
(26, 1, 6105, 1, 1, 1, 1, 1),
(27, 1, 6106, 1, 1, 1, 1, 1),
(28, 1, 6201, 1, 1, 1, 1, 1),
(29, 1, 6202, 1, 1, 1, 1, 1),
(30, 1, 6203, 1, 1, 1, 1, 1),
(31, 1, 6301, 1, 1, 1, 1, 1),
(32, 1, 7000, 1, 1, 1, 1, 1),
(33, 1, 8000, 1, 1, 1, 1, 1),
(34, 1, 9000, 1, 1, 1, 1, 1),--
(35, 2, 1000, 1, 1, 1, 1, 1),
(36, 3, 2000, 1, 1, 1, 1, 1),
(37, 4, 3000, 1, 1, 1, 1, 1),
(38, 5, 5000, 1, 1, 1, 1, 1),
(39, 6, 6000, 1, 1, 1, 1, 1),
(40, 6, 6001, 1, 1, 1, 1, 1),
(41, 6, 6002, 1, 1, 1, 1, 1),
(42, 6, 6003, 1, 1, 1, 1, 1),
(43, 6, 6004, 1, 1, 1, 1, 1),
(44, 6, 6005, 1, 1, 1, 1, 1),
(45, 6, 6006, 1, 1, 1, 1, 1),
(46, 6, 6007, 1, 1, 1, 1, 1),
(47, 6, 6101, 1, 1, 1, 1, 1),
(48, 6, 6102, 1, 1, 1, 1, 1),
(49, 6, 6103, 1, 1, 1, 1, 1),
(50, 6, 6104, 1, 1, 1, 1, 1),
(51, 6, 6105, 1, 1, 1, 1, 1),
(52, 6, 6106, 1, 1, 1, 1, 1),
(53, 6, 6201, 1, 1, 1, 1, 1),
(54, 6, 6202, 1, 1, 1, 1, 1),
(55, 6, 6203, 1, 1, 1, 1, 1),
(56, 6, 6301, 1, 1, 1, 1, 1),
(57, 7, 7000, 1, 1, 1, 1, 1),
(58, 8, 8000, 1, 1, 1, 1, 1),
(59, 9, 9000, 1, 1, 1, 1, 1),
(60, 10, 1000, 1, 1, 1, 1, 1),
(61, 10, 1001, 1, 1, 1, 1, 1),
(62, 10, 1002, 1, 1, 1, 1, 1),
(63, 10, 1003, 1, 1, 1, 1, 1),
(64, 10, 1004, 1, 1, 1, 1, 1),
(65, 10, 1101, 1, 1, 1, 1, 1),
(66, 10, 1102, 1, 1, 1, 1, 1),
(67, 10, 1103, 1, 1, 1, 1, 1),
(68, 10, 1201, 1, 1, 1, 1, 1),
(69, 10, 1301, 1, 1, 1, 1, 1),
(70, 10, 2000, 1, 1, 1, 1, 1),
(71, 10, 3000, 1, 1, 1, 1, 1),
(72, 10, 5000, 1, 1, 1, 1, 1),
(73, 10, 6000, 1, 1, 1, 1, 1),
(74, 10, 6001, 1, 1, 1, 1, 1),
(75, 10, 6002, 1, 1, 1, 1, 1),
(76, 10, 6003, 1, 1, 1, 1, 1),
(77, 10, 6004, 1, 1, 1, 1, 1),
(78, 10, 6005, 1, 1, 1, 1, 1),
(79, 10, 6006, 1, 1, 1, 1, 1),
(80, 10, 6007, 1, 1, 1, 1, 1),
(81, 10, 6101, 1, 1, 1, 1, 1),
(82, 10, 6102, 1, 1, 1, 1, 1),
(83, 10, 6103, 1, 1, 1, 1, 1),
(84, 10, 6104, 1, 1, 1, 1, 1),
(85, 10, 6105, 1, 1, 1, 1, 1),
(86, 10, 6106, 1, 1, 1, 1, 1),
(87, 10, 6201, 1, 1, 1, 1, 1),
(88, 10, 6202, 1, 1, 1, 1, 1),
(89, 10, 6203, 1, 1, 1, 1, 1),
(90, 10, 6301, 1, 1, 1, 1, 1),
(91, 10, 7000, 1, 1, 1, 1, 1),
(92, 10, 8000, 1, 1, 1, 1, 1),
(93, 10, 9000, 1, 1, 1, 1, 1),
(94, 11, 1000, 1, 1, 1, 1, 1),
(95, 11, 1001, 1, 1, 1, 1, 1),
(96, 11, 1002, 1, 1, 1, 1, 1),
(97, 11, 1003, 1, 1, 1, 1, 1),
(98, 11, 1004, 1, 1, 1, 1, 1),
(99, 11, 1101, 1, 1, 1, 1, 1),
(100, 11, 1102, 1, 1, 1, 1, 1),
(101, 11, 1103, 1, 1, 1, 1, 1),
(102, 11, 1201, 1, 1, 1, 1, 1),
(103, 11, 1301, 1, 1, 1, 1, 1),
(104, 11, 2000, 1, 1, 1, 1, 1),
(105, 11, 3000, 1, 1, 1, 1, 1),
(106, 11, 5000, 1, 1, 1, 1, 1),
(107, 11, 6000, 1, 1, 1, 1, 1),
(108, 11, 6001, 1, 1, 1, 1, 1),
(109, 11, 6002, 1, 1, 1, 1, 1),
(110, 11, 6003, 1, 1, 1, 1, 1),
(111, 11, 6004, 1, 1, 1, 1, 1),
(112, 11, 6005, 1, 1, 1, 1, 1),
(113, 11, 6006, 1, 1, 1, 1, 1),
(114, 11, 6007, 1, 1, 1, 1, 1),
(115, 11, 6101, 1, 1, 1, 1, 1),
(116, 11, 6102, 1, 1, 1, 1, 1),
(117, 11, 6103, 1, 1, 1, 1, 1),
(118, 11, 6104, 1, 1, 1, 1, 1),
(119, 11, 6105, 1, 1, 1, 1, 1),
(120, 11, 6106, 1, 1, 1, 1, 1),
(121, 11, 6201, 1, 1, 1, 1, 1),
(122, 11, 6202, 1, 1, 1, 1, 1),
(123, 11, 6203, 1, 1, 1, 1, 1),
(124, 11, 6301, 1, 1, 1, 1, 1),
(125, 11, 7000, 1, 1, 1, 1, 1),
(126, 11, 8000, 1, 1, 1, 1, 1),
(127, 11, 9000, 1, 1, 1, 1, 1),
(128, 12, 1000, 1, 1, 1, 1, 1),
(129, 12, 1001, 1, 1, 1, 1, 1),
(130, 12, 1002, 1, 1, 1, 1, 1),
(131, 12, 1003, 1, 1, 1, 1, 1),
(132, 12, 1004, 1, 1, 1, 1, 1),
(133, 12, 1101, 1, 1, 1, 1, 1),
(134, 12, 1102, 1, 1, 1, 1, 1),
(135, 12, 1103, 1, 1, 1, 1, 1),
(136, 12, 1201, 1, 1, 1, 1, 1),
(137, 12, 1301, 1, 1, 1, 1, 1),
(138, 12, 2000, 1, 1, 1, 1, 1),
(139, 12, 3000, 1, 1, 1, 1, 1),
(140, 12, 5000, 1, 1, 1, 1, 1),
(141, 12, 6000, 1, 1, 1, 1, 1),
(142, 12, 6001, 1, 1, 1, 1, 1),
(143, 12, 6002, 1, 1, 1, 1, 1),
(144, 12, 6003, 1, 1, 1, 1, 1),
(145, 12, 6004, 1, 1, 1, 1, 1),
(146, 12, 6005, 1, 1, 1, 1, 1),
(147, 12, 6006, 1, 1, 1, 1, 1),
(148, 12, 6007, 1, 1, 1, 1, 1),
(149, 12, 6101, 1, 1, 1, 1, 1),
(150, 12, 6102, 1, 1, 1, 1, 1),
(151, 12, 6103, 1, 1, 1, 1, 1),
(152, 12, 6104, 1, 1, 1, 1, 1),
(153, 12, 6105, 1, 1, 1, 1, 1),
(154, 12, 6106, 1, 1, 1, 1, 1),
(155, 12, 6201, 1, 1, 1, 1, 1),
(156, 12, 6202, 1, 1, 1, 1, 1),
(157, 12, 6203, 1, 1, 1, 1, 1),
(158, 12, 6301, 1, 1, 1, 1, 1),
(159, 12, 7000, 1, 1, 1, 1, 1),
(160, 12, 8000, 1, 1, 1, 1, 1),
(161, 12, 9000, 1, 1, 1, 1, 1),
(162, 13, 1000, 1, 1, 1, 1, 1),
(163, 13, 1001, 1, 1, 1, 1, 1),
(164, 13, 1002, 1, 1, 1, 1, 1),
(165, 13, 1003, 1, 1, 1, 1, 1),
(166, 13, 1004, 1, 1, 1, 1, 1),
(167, 13, 1101, 1, 1, 1, 1, 1),
(168, 13, 1102, 1, 1, 1, 1, 1),
(169, 13, 1103, 1, 1, 1, 1, 1),
(170, 13, 1201, 1, 1, 1, 1, 1),
(171, 13, 1301, 1, 1, 1, 1, 1),
(172, 13, 2000, 1, 1, 1, 1, 1),
(173, 13, 3000, 1, 1, 1, 1, 1),
(174, 13, 5000, 1, 1, 1, 1, 1),
(175, 13, 6000, 1, 1, 1, 1, 1),
(176, 13, 6001, 1, 1, 1, 1, 1),
(177, 13, 6002, 1, 1, 1, 1, 1),
(178, 13, 6003, 1, 1, 1, 1, 1),
(179, 13, 6004, 1, 1, 1, 1, 1),
(180, 13, 6005, 1, 1, 1, 1, 1),
(181, 13, 6006, 1, 1, 1, 1, 1),
(182, 13, 6007, 1, 1, 1, 1, 1),
(183, 13, 6101, 1, 1, 1, 1, 1),
(184, 13, 6102, 1, 1, 1, 1, 1),
(185, 13, 6103, 1, 1, 1, 1, 1),
(186, 13, 6104, 1, 1, 1, 1, 1),
(187, 13, 6105, 1, 1, 1, 1, 1),
(188, 13, 6106, 1, 1, 1, 1, 1),
(189, 13, 6201, 1, 1, 1, 1, 1),
(190, 13, 6202, 1, 1, 1, 1, 1),
(191, 13, 6203, 1, 1, 1, 1, 1),
(192, 13, 6301, 1, 1, 1, 1, 1),
(193, 13, 7000, 1, 1, 1, 1, 1),
(194, 13, 8000, 1, 1, 1, 1, 1),
(195, 13, 9000, 1, 1, 1, 1, 1),
(196, 14, 1000, 1, 1, 1, 1, 1),
(197, 14, 1001, 1, 1, 1, 1, 1),
(198, 14, 1002, 1, 1, 1, 1, 1),
(199, 14, 1003, 1, 1, 1, 1, 1),
(200, 14, 1004, 1, 1, 1, 1, 1),
(201, 14, 1101, 1, 1, 1, 1, 1),
(202, 14, 1102, 1, 1, 1, 1, 1),
(203, 14, 1103, 1, 1, 1, 1, 1),
(204, 14, 1201, 1, 1, 1, 1, 1),
(205, 14, 1301, 1, 1, 1, 1, 1),
(206, 14, 2000, 1, 1, 1, 1, 1),
(207, 14, 3000, 1, 1, 1, 1, 1),
(208, 14, 5000, 1, 1, 1, 1, 1),
(209, 14, 6000, 1, 1, 1, 1, 1),
(210, 14, 6001, 1, 1, 1, 1, 1),
(211, 14, 6002, 1, 1, 1, 1, 1),
(212, 14, 6003, 1, 1, 1, 1, 1),
(213, 14, 6004, 1, 1, 1, 1, 1),
(214, 14, 6005, 1, 1, 1, 1, 1),
(215, 14, 6006, 1, 1, 1, 1, 1),
(216, 14, 6007, 1, 1, 1, 1, 1),
(217, 14, 6101, 1, 1, 1, 1, 1),
(218, 14, 6102, 1, 1, 1, 1, 1),
(219, 14, 6103, 1, 1, 1, 1, 1),
(220, 14, 6104, 1, 1, 1, 1, 1),
(221, 14, 6105, 1, 1, 1, 1, 1),
(222, 14, 6106, 1, 1, 1, 1, 1),
(223, 14, 6201, 1, 1, 1, 1, 1),
(224, 14, 6202, 1, 1, 1, 1, 1),
(225, 14, 6203, 1, 1, 1, 1, 1),
(226, 14, 6301, 1, 1, 1, 1, 1),
(227, 14, 7000, 1, 1, 1, 1, 1),
(228, 14, 8000, 1, 1, 1, 1, 1),
(229, 14, 9000, 1, 1, 1, 1, 1);
--
-- Volcado de datos para la tabla `tbl_usuarios`
--

INSERT INTO `tbl_usuarios` (`Pk_id_usuario`, `nombre_usuario`, `apellido_usuario`, `username_usuario`, `password_usuario`, `email_usuario`, `ultima_conexion_usuario`, `estado_usuario`, `pregunta`, `respuesta`) VALUES
(1, 'admin', 'admin', 'admin', '52c88f064ed5ed9161d01f634f5e3bfcf5c77fec94fb398b6690e1b41178eb6c', 'esduardo@gmail.com', '2024-09-21 00:55:40', 1, 'COLOR FAVORITO', 'ROJO'),
(2, 'Ismar', 'Cortez', 'Ismar', 'ef797c8118f02dfb649607dd5d3f8c7623048c9c063d532cc95c5ed7a898a64f', 'icortezs@miumg.edu.gt', '2024-09-17 17:32:03', 1, 'Nombre de familiar', 'Eunice');

--


INSERT INTO `tbl_asignaciones_perfils_usuario` (`PK_id_Perfil_Usuario`, `Fk_id_usuario`, `Fk_id_perfil`) VALUES
(1, 1, 1);

--
-- Volcado de datos para la tabla `tbl_asignacion_modulo_aplicacion`
--

INSERT INTO `tbl_asignacion_modulo_aplicacion` (`Fk_id_modulos`, `Fk_id_aplicacion`) VALUES
(1000, 1000),
(1000, 1001),
(1000, 1002),
(1000, 1003),
(1000, 1004),
(1000, 1102),
(1000, 1103),
(1000, 1201),
(1000, 1301),
(2000, 2000),
(3000, 3000),
(5000, 5000),
(6000, 6000),
(6000, 6001),
(6000, 6002),
(6000, 6003),
(6000, 6004),
(6000, 6005),
(6000, 6006),
(6000, 6007),
(6000, 6101),
(6000, 6102),
(6000, 6103),
(6000, 6104),
(6000, 6105),
(6000, 6106),
(6000, 6201),
(6000, 6202),
(6000, 6203),
(6000, 6301),
(7000, 7000),
(8000, 8000),
(9000, 9000);

--
-- Volcado de datos para la tabla `tbl_permisos_aplicaciones_usuario`
--

INSERT INTO `tbl_permisos_aplicaciones_usuario` (`PK_id_Aplicacion_Usuario`, `Fk_id_usuario`, `Fk_id_aplicacion`, `guardar_permiso`, `buscar_permiso`, `modificar_permiso`, `eliminar_permiso`, `imprimir_permiso`) VALUES
(1, 1, 1002, 1, 1, 1, 1, 0),
(2, 1, 2000, 0, 0, 0, 0, 0),
(3, 1, 1000, 1, 1, 1, 1, 1),
(4, 1, 8000, 0, 0, 0, 0, 0),
(6, 1, 1000, 1, 1, 1, 1, 1),
(7, 1, 1000, 0, 0, 0, 0, 1),
(8, 1, 9000, 0, 0, 0, 0, 0);

-- Se actualiza la contraseña de admin, ya que no debe ingresarse hasheado manualmente
UPDATE `tbl_usuarios` SET `password_usuario` = 'HO0aGo4nM94=' WHERE `Pk_id_usuario` = 1;

-- Se eliminó el usuario 2 porque solo el admin debe crearse desde la base de datos
DELETE FROM `tbl_usuarios` WHERE `Pk_id_usuario` = 2;

-- Se hashea la contraseña
UPDATE tbl_usuarios
SET password_usuario = SHA2('HO0aGo4nM94=', 256) 
WHERE username_usuario = 'admin';

